time,rpm,tps,temp,injector_ms,throttle_target,ignition
0.000,833.0,0.0,70.6,1.45,9.47,1
0.010,827.0,0.0,70.5,1.47,9.70,1
0.020,843.0,0.0,70.5,1.44,9.39,1
0.030,836.0,0.0,70.2,1.45,9.54,1
0.040,849.0,0.0,70.1,1.43,9.26,1
0.050,812.0,0.0,70.7,1.49,9.87,1
0.060,840.0,0.0,70.9,1.42,9.22,1
0.070,813.0,0.0,70.6,1.48,9.75,1
0.080,840.0,0.0,70.6,1.42,9.17,1
0.090,822.0,0.0,70.6,1.46,9.55,1
0.100,811.0,0.0,70.8,1.46,9.62,1
0.110,817.0,0.0,70.9,1.45,9.46,1
0.120,832.0,0.0,70.0,1.42,9.23,1
0.130,812.0,0.0,70.3,1.46,9.59,1
0.140,817.0,0.0,70.5,1.44,9.40,1
0.150,829.0,0.0,70.2,1.42,9.22,1
0.160,822.0,0.0,70.8,1.44,9.36,1
0.170,819.0,0.0,70.7,1.44,9.35,1
0.180,843.0,0.0,70.6,1.39,8.93,1
0.190,811.0,0.0,70.2,1.45,9.52,1
0.200,829.0,0.0,70.3,1.41,9.06,1
0.210,821.0,0.0,70.9,1.43,9.25,1
0.220,834.0,0.0,70.7,1.40,8.98,1
0.230,848.0,0.0,70.4,1.38,8.79,1
0.240,815.0,0.0,70.0,1.43,9.34,1
0.250,813.0,0.0,70.6,1.42,9.19,1
0.260,841.0,0.0,70.0,1.37,8.72,1
0.270,806.0,0.0,70.3,1.44,9.38,1
0.280,812.0,0.0,70.0,1.41,9.10,1
0.290,846.0,0.0,70.1,1.36,8.58,1
0.300,805.0,0.0,70.5,1.44,9.36,1
0.310,834.0,0.0,70.7,1.37,8.68,1
0.320,836.0,0.0,70.5,1.38,8.76,1
0.330,846.0,0.0,70.9,1.36,8.58,1
0.340,813.0,0.0,70.7,1.41,9.11,1
0.350,824.0,0.0,70.5,1.38,8.75,1
0.360,832.0,0.0,70.5,1.37,8.66,1
0.370,814.0,0.0,70.7,1.40,8.95,1
0.380,834.0,0.0,70.4,1.35,8.53,1
0.390,843.0,0.0,70.0,1.35,8.45,1
0.400,837.0,0.0,70.8,1.35,8.55,1
0.410,826.0,0.0,70.8,1.37,8.66,1
0.420,838.0,0.0,70.4,1.34,8.38,1
0.430,803.0,0.0,70.1,1.40,8.97,1
0.440,804.0,0.0,70.9,1.38,8.77,1
0.450,832.0,0.0,70.0,1.33,8.33,1
0.460,826.0,0.0,70.8,1.35,8.53,1
0.470,839.0,0.0,70.2,1.33,8.27,1
0.480,826.0,0.0,70.6,1.35,8.50,1
0.490,844.0,0.0,70.9,1.31,8.12,1
0.500,845.0,0.0,70.0,1.32,8.15,1
0.510,834.0,0.0,70.8,1.33,8.29,1
0.520,817.0,0.0,70.1,1.35,8.47,1
0.530,847.0,0.0,70.2,1.29,7.89,1
0.540,817.0,0.0,70.2,1.35,8.47,1
0.550,802.0,0.0,70.6,1.35,8.54,1
0.560,801.0,0.0,70.0,1.35,8.48,1
0.570,836.0,0.0,70.1,1.29,7.92,1
0.580,815.0,0.0,70.9,1.34,8.39,1
0.590,844.0,0.0,70.9,1.28,7.81,1
0.600,840.0,0.0,70.9,1.30,7.97,1
0.610,831.0,0.0,70.7,1.31,8.06,1
0.620,847.0,0.0,70.1,1.27,7.72,1
0.630,831.0,0.0,70.5,1.30,8.01,1
0.640,809.0,0.0,70.7,1.33,8.25,1
0.650,817.0,0.0,70.6,1.30,8.01,1
0.660,847.0,0.0,70.3,1.26,7.55,1
0.670,836.0,0.0,70.5,1.28,7.83,1
0.680,806.0,0.0,70.3,1.32,8.22,1
0.690,819.0,0.0,70.4,1.29,7.86,1
0.700,828.0,0.0,70.1,1.28,7.76,1
0.710,832.0,0.0,70.9,1.27,7.71,1
0.720,803.0,0.0,70.9,1.32,8.16,1
0.730,820.0,0.0,70.8,1.27,7.74,1
0.740,808.0,0.0,70.5,1.30,8.00,1
0.750,840.0,0.0,70.9,1.24,7.42,1
0.760,846.0,0.0,70.3,1.24,7.44,1
0.770,818.0,0.0,70.5,1.29,7.88,1
0.780,846.0,0.0,70.1,1.23,7.27,1
0.790,821.0,0.0,70.5,1.28,7.76,1
0.800,829.0,0.0,70.8,1.25,7.49,1
0.810,814.0,0.0,70.8,1.27,7.74,1
0.820,841.0,0.0,70.0,1.22,7.22,1
0.830,843.0,0.0,70.0,1.23,7.28,1
0.840,834.0,0.0,70.4,1.24,7.39,1
0.850,824.0,0.0,70.4,1.25,7.47,1
0.860,837.0,0.0,70.6,1.22,7.19,1
0.870,843.0,0.0,70.1,1.21,7.12,1
0.880,827.0,0.0,70.5,1.24,7.37,1
0.890,809.0,0.0,70.6,1.25,7.55,1
0.900,832.0,0.0,70.1,1.21,7.08,1
0.910,837.0,0.0,70.8,1.21,7.08,1
0.920,825.0,0.0,70.7,1.23,7.26,1
0.930,824.0,0.0,70.1,1.22,7.19,1
0.940,808.0,0.0,70.5,1.24,7.42,1
0.950,829.0,0.0,70.7,1.20,7.00,1
0.960,835.0,0.0,70.3,1.20,6.98,1
0.970,818.0,0.0,70.8,1.22,7.24,1
0.980,843.0,0.0,70.1,1.17,6.74,1
0.990,828.0,0.0,70.9,1.21,7.06,1
1.000,826.0,0.0,70.4,1.20,6.99,1
1.010,843.0,0.0,70.3,1.17,6.68,1
1.020,813.0,0.0,70.8,1.22,7.21,1
1.030,806.0,0.0,70.0,1.22,7.15,1
1.040,804.0,0.0,70.8,1.21,7.15,1
1.050,828.0,0.0,70.8,1.17,6.75,1
1.060,819.0,0.0,70.7,1.20,6.98,1
1.070,817.0,0.0,70.6,1.20,6.95,1
1.080,824.0,0.0,70.3,1.18,6.81,1
1.090,820.0,0.0,70.3,1.19,6.89,1
1.100,840.0,0.0,70.9,1.15,6.53,1
1.110,822.0,0.0,70.5,1.19,6.88,1
1.120,844.0,0.0,70.0,1.14,6.41,1
1.130,805.0,0.0,70.9,1.21,7.10,1
1.140,804.0,0.0,70.6,1.19,6.92,1
1.150,819.0,0.0,70.2,1.17,6.67,1
1.160,842.0,0.0,70.4,1.14,6.36,1
1.170,847.0,0.0,70.7,1.14,6.35,1
1.180,805.0,0.0,70.4,1.20,7.00,1
1.190,848.0,0.0,70.1,1.11,6.10,1
1.200,822.0,0.0,70.8,1.17,6.68,1
1.210,849.0,0.0,70.3,1.11,6.10,1
1.220,846.0,0.0